order,character,strongly_like,like,neutral,dislike,strongly_dislike,sr,count,gender,show,type_(currently_inaccurate),like total,dislike total,score,abs_score,checking,ENT
1,Professor Keiko O'Brien,0.534,0.322,0.073,0.018,0.01,0.043,818,f,"TNG, DS9",recurring,0.856,0.028,1.352,1.352,1,FALSE
2,Commander William T. Riker,0.443,0.393,0.11,0.03,0.003,0.02,300,m,TNG,main,0.836,0.033,1.243,1.243,0.999,FALSE
3,Neelix,0.148,0.284,0.221,0.148,0.117,0.082,648,m,VOY,main,0.432,0.265,0.198,0.198,1,FALSE
4,Ensign Peanut Hamper,0.096,0.188,0.154,0.162,0.158,0.242,260,f,LD,recurring,0.284,0.32,-0.098,0.098,1,FALSE
5,Rom,0.566,0.242,0.067,0.02,0.009,0.096,1640,m,DS9,recurring,0.808,0.029,1.336,1.336,1,FALSE
6,Seska,0.062,0.152,0.192,0.214,0.152,0.228,224,f,VOY,recurring,0.214,0.366,-0.242,0.242,1,FALSE
7,Lieutenant Vorik,0.161,0.134,0.337,0.088,0.042,0.238,261,m,VOY,recurring,0.295,0.13,0.284,0.284,1,FALSE
8,Q,0.473,0.308,0.084,0.066,0.044,0.026,916,m,"TNG, DS9, VOY, LD, PIC",recurring,0.781,0.11,1.1,1.1,1.001,FALSE
9,Doctor Phlox,0.248,0.225,0.161,0.06,0.023,0.284,218,m,ENT,main,0.473,0.083,0.615,0.615,1.001,TRUE
10,Captain Kathryn M. Janeway,0.622,0.208,0.053,0.012,0.006,0.098,1331,f,VOY,main,0.83,0.018,1.428,1.428,0.999,FALSE
11,Nog,0.645,0.255,0.056,0.016,0.002,0.026,431,m,DS9,recurring,0.9,0.018,1.525,1.525,1,FALSE
12,Odo,0.55,0.269,0.069,0.03,0.013,0.07,744,m,DS9,main,0.819,0.043,1.313,1.313,1.001,FALSE
13,Ambassador Lwaxana Troi,0.612,0.235,0.052,0.052,0.019,0.031,520,f,"TNG, DS9",recurring,0.847,0.071,1.369,1.369,1.001,FALSE
14,Gul Dukat,0.184,0.184,0.066,0.077,0.413,0.077,441,m,DS9,recurring,0.368,0.49,-0.351,0.351,1.001,FALSE
15,Legate Damar,0.19,0.331,0.221,0.117,0.074,0.067,326,m,DS9,recurring,0.521,0.191,0.446,0.446,1,FALSE
16,Elim Garak,0.751,0.149,0.031,0.013,0.013,0.044,1187,m,DS9,recurring,0.9,0.026,1.612,1.612,1.001,FALSE
17,Ensign Harry Kim,0.422,0.347,0.123,0.013,0.01,0.084,308,m,VOY,main,0.769,0.023,1.158,1.158,0.999,FALSE
18,T'pol,0.461,0.275,0.093,0.036,0.007,0.129,280,f,ENT,main,0.736,0.043,1.147,1.147,1.001,TRUE
19,Sylvia Tilly,0.356,0.265,0.107,0.04,0.02,0.213,253,f,DIS,main,0.621,0.06,0.897,0.897,1.001,FALSE
20,Porthos,0.712,0.122,0.066,0.02,0.02,0.059,392,m,ENT,recurring,0.834,0.04,1.486,1.486,0.999,TRUE
21,"Commander Charles ""Trip"" Tucker III",0.382,0.242,0.114,0.057,0.026,0.179,351,m,ENT,main,0.624,0.083,0.897,0.897,1,TRUE
22,Elnor,0.197,0.193,0.18,0.053,0.053,0.325,228,m,PIC,recurring,0.39,0.106,0.428,0.428,1.001,FALSE
23,Captain Liam Shaw,0.089,0.076,0.131,0.102,0.127,0.475,236,m,PIC,recurring,0.165,0.229,-0.102,0.102,1,FALSE
24,Captain Jean-Luc Picard,0.377,0.372,0.163,0.043,0.023,0.023,443,m,"TNG, PIC",main,0.749,0.066,1.037,1.037,1.001,FALSE
25,Lore,0.33,0.261,0.117,0.163,0.1,0.029,479,m,TNG,recurring,0.591,0.263,0.558,0.558,1,FALSE
26,Kai Winn Adami,0.135,0.147,0.08,0.177,0.386,0.074,660,f,DS9,recurring,0.282,0.563,-0.532,0.532,0.999,FALSE
27,Doctor Julian S. Bashir,0.614,0.264,0.044,0.014,0.006,0.059,1239,m,DS9,main,0.878,0.02,1.466,1.466,1.001,FALSE
28,Wesley Crusher,0.179,0.352,0.283,0.108,0.05,0.027,619,m,TNG,recurring,0.531,0.158,0.502,0.502,0.999,FALSE
29,Lieutenant Commander Data,0.849,0.097,0.02,0.006,0.009,0.02,908,m,TNG,main,0.946,0.015,1.771,1.771,1.001,FALSE
30,Grilka,0.483,0.301,0.123,0.022,0,0.071,408,f,DS9,recurring,0.784,0.022,1.245,1.245,1,FALSE
31,Hugh,0.44,0.315,0.128,0.023,0.006,0.087,343,m,TNG. PIC,recurring,0.755,0.029,1.16,1.16,0.999,FALSE
32,B'Elanna Torres,0.491,0.326,0.105,0.013,0.003,0.063,399,f,VOY,main,0.817,0.016,1.289,1.289,1.001,FALSE
33,Spock,0.824,0.121,0.033,0.006,0.004,0.012,843,m,TOS,main,0.945,0.01,1.755,1.755,1,FALSE
34,Senior Chief Petty Officer Miles E. O'Brien,0.586,0.27,0.085,0.013,0.013,0.032,679,m,"TNG, DS9",main,0.856,0.026,1.403,1.403,0.999,FALSE
35,Ensign Pavel A. Chekov,0.489,0.371,0.095,0.015,0,0.03,472,m,TOS,recurring,0.86,0.015,1.334,1.334,1,FALSE
36,Bradward Boimler,0.492,0.283,0.072,0.019,0.025,0.109,321,m,LD,main,0.775,0.044,1.198,1.198,1,FALSE
37,Lal,0.516,0.266,0.132,0.014,0.009,0.063,349,f,TNG,one-off,0.782,0.023,1.266,1.266,1,FALSE
38,K'Ehleyr,0.361,0.295,0.189,0.014,0.011,0.13,285,f,TNG,recurring,0.656,0.025,0.981,0.981,1,FALSE
39,Kes,0.173,0.327,0.282,0.116,0.021,0.081,284,f,VOY,main,0.5,0.137,0.515,0.515,1,FALSE
40,Quark,0.535,0.282,0.066,0.031,0.011,0.075,1519,m,DS9,main,0.817,0.042,1.299,1.299,1,FALSE
41,Captain James T. Kirk,0.573,0.27,0.087,0.027,0.01,0.033,1568,m,TOS,main,0.843,0.037,1.369,1.369,1,FALSE
42,Seven of Nine,0.576,0.254,0.078,0.012,0.007,0.074,606,f,VOY,main,0.83,0.019,1.38,1.38,1.001,FALSE
43,Grand Nagus Zek,0.116,0.325,0.249,0.169,0.09,0.05,378,m,DS9,recurring,0.441,0.259,0.208,0.208,0.999,FALSE
44,Lieutenant Malcolm Reed,0.187,0.233,0.175,0.113,0.043,0.249,257,m,ENT,main,0.42,0.156,0.408,0.408,1,TRUE
45,Commander Sela,0.079,0.217,0.321,0.188,0.069,0.126,277,f,TNG,recurring,0.296,0.257,0.049,0.049,1,FALSE
46,"Lieutenant Worf, Son of Mogh",0.521,0.325,0.097,0.019,0.014,0.023,514,m,"TNG, DS9",main,0.846,0.033,1.32,1.32,0.999,FALSE
47,Lieutenant Saavik,0.351,0.328,0.177,0.01,0,0.134,396,f,films,recurring,0.679,0.01,1.02,1.02,1,FALSE
48,Doctor Leonard H. McCoy,0.66,0.239,0.063,0.02,0.003,0.015,711,m,TOS,main,0.899,0.023,1.533,1.533,1,FALSE
49,Captain Benjamin L. Sisko,0.793,0.137,0.029,0.004,0.001,0.036,1120,m,DS9,main,0.93,0.005,1.717,1.717,1,FALSE
50,The Doctor/EMH,0.455,0.314,0.089,0.068,0.018,0.057,440,m,VOY,main,0.769,0.086,1.12,1.12,1.001,FALSE
51,Weyoun,0.355,0.26,0.14,0.115,0.042,0.089,358,m,DS9,recurring,0.615,0.157,0.771,0.771,1.001,FALSE
52,Weyoun 6,0.399,0.29,0.114,0.043,0.045,0.109,396,m,DS9,one-off,0.689,0.088,0.955,0.955,1,FALSE
53,Hikaru Sulu,0.577,0.365,0.037,0.005,0,0.016,381,m,TOS,recurring,0.942,0.005,1.514,1.514,1,FALSE
54,Major Kira Nerys,0.816,0.106,0.025,0.007,0.003,0.043,888,f,DS9,main,0.922,0.01,1.725,1.725,1,FALSE
55,Icheb,0.183,0.264,0.244,0.076,0.025,0.208,197,m,VOY,recurring,0.447,0.101,0.504,0.504,1,FALSE
56,Spot,0.884,0.079,0.021,0.003,0.003,0.01,707,?,TNG,recurring,0.963,0.006,1.838,1.838,1,FALSE
57,Beckett Mariner,0.602,0.211,0.038,0.026,0.008,0.117,266,f,LD,main,0.813,0.034,1.373,1.373,1.002,FALSE
58,Lieutenant Reginald E. Barclay III,0.184,0.289,0.211,0.143,0.075,0.099,294,m,TNG,recurring,0.473,0.218,0.364,0.364,1.001,FALSE
59,Lieutenant Nyota Uhura,0.856,0.121,0.009,0,0,0.014,563,f,TOS,recurring,0.977,0,1.833,1.833,1,FALSE
60,Michael Burnham,0.377,0.263,0.127,0.056,0.022,0.154,676,f,DIS,main,0.64,0.078,0.917,0.917,0.999,FALSE
61,Amanda Grayson,0.345,0.345,0.185,0.052,0.014,0.059,287,f,TOS,recurring,0.69,0.066,0.955,0.955,1,FALSE
62,Ambassador Sarek,0.152,0.326,0.245,0.188,0.035,0.053,282,m,"TOS, TNG",recurring,0.478,0.223,0.372,0.372,0.999,FALSE
63,Sybok,0.069,0.186,0.248,0.179,0.069,0.248,145,m,films,one-off,0.255,0.248,0.007,0.007,0.999,FALSE
64,Doctor Gabrielle Burnham,0.077,0.155,0.239,0.113,0.021,0.394,142,f,DIS,recurring,0.232,0.134,0.154,0.154,0.999,FALSE
65,Saru,0.474,0.225,0.1,0.019,0.01,0.172,209,m,DIS,main,0.699,0.029,1.134,1.134,1,FALSE
66,Lieutenant La'an Noonien-Singh,0.332,0.24,0.106,0.038,0.038,0.245,208,f,SNW,main,0.572,0.076,0.79,0.79,0.999,FALSE
67,T'Lyn,0.645,0.145,0.023,0.016,0.007,0.164,304,f,LD,main,0.79,0.023,1.405,1.405,1,FALSE
68,Captain Christopher Pike,0.116,0.312,0.417,0.094,0.011,0.051,276,m,TOS,one-off,0.428,0.105,0.428,0.428,1.001,FALSE
69,Counsellor Deanna Troi,0.628,0.274,0.058,0.014,0.003,0.023,347,f,TNG,main,0.902,0.017,1.51,1.51,1,FALSE
70,Doctor Beverly Crusher,0.498,0.337,0.095,0.039,0.007,0.025,285,f,TNG,main,0.835,0.046,1.28,1.28,1.001,FALSE
71,"Lieutenant Natasha ""Tasha"" Yar",0.375,0.413,0.121,0.03,0.027,0.034,264,f,TNG,main,0.788,0.057,1.079,1.079,1,FALSE
72,Enabran Tain,0.053,0.132,0.139,0.255,0.348,0.073,302,m,DS9,recurring,0.185,0.603,-0.713,0.713,1,FALSE
73,"""The Female Changeling""",0.053,0.126,0.148,0.261,0.362,0.05,398,f,DS9,recurring,0.179,0.623,-0.753,0.753,1,FALSE
74,Chancellor Gowron,0.222,0.293,0.184,0.133,0.033,0.135,392,m,"TNG, DS9",recurring,0.515,0.166,0.538,0.538,1,FALSE
75,Mila,0.321,0.319,0.166,0.036,0.01,0.149,308,f,DS9,recurring,0.64,0.046,0.905,0.905,1.001,FALSE
76,"""Klingon Chef""",0.618,0.271,0.045,0.013,0.003,0.05,377,m,DS9,recurring,0.889,0.016,1.488,1.488,1,FALSE
77,Doctor Phil Boyce,0.023,0.212,0.318,0.078,0.009,0.359,217,m,TOS,one-off,0.235,0.087,0.162,0.162,0.999,FALSE
78,Chakotay,0.231,0.387,0.211,0.08,0.035,0.055,199,m,VOY,main,0.618,0.115,0.699,0.699,0.999,FALSE
79,"Montgomery ""Scotty"" Scott",0.681,0.233,0.04,0.004,0,0.042,570,m,TOS,recurring,0.914,0.004,1.591,1.591,1,FALSE
80,Ensign Hoshi Sato,0.407,0.236,0.093,0.011,0.005,0.247,182,f,ENT,main,0.643,0.016,1.029,1.029,0.999,TRUE
81,Captain Jonathan Archer,0.172,0.281,0.212,0.133,0.044,0.158,203,m,ENT,main,0.453,0.177,0.404,0.404,1,TRUE
82,Khan Noonien Singh,0.183,0.329,0.171,0.127,0.107,0.083,252,m,TOS,recurring,0.512,0.234,0.354,0.354,1,FALSE
83,Jake Sisko,0.471,0.299,0.086,0.026,0.005,0.112,418,m,DS9,recurring,0.77,0.031,1.205,1.205,0.999,FALSE
84,Ezri Dax,0.317,0.325,0.174,0.076,0.025,0.084,357,f,DS9,main,0.642,0.101,0.833,0.833,1.001,FALSE
85,Kukalaka,0.668,0.148,0.074,0.01,0.022,0.078,500,m,DS9,recurring,0.816,0.032,1.43,1.43,1,FALSE
86,The Borg Queen,0.189,0.289,0.181,0.137,0.111,0.093,270,f,"films, VOY, PIC",recurring,0.478,0.248,0.308,0.308,1,FALSE
87,B-4,0.237,0.279,0.184,0.089,0.005,0.205,190,m,films,one-off,0.516,0.094,0.654,0.654,0.999,FALSE
88,Spock,0.245,0.344,0.232,0.089,0.055,0.036,384,m,AOS,main,0.589,0.144,0.635,0.635,1.001,FALSE
89,Geordi La Forge,0.715,0.197,0.037,0.007,0.001,0.042,803,m,TNG,main,0.912,0.008,1.618,1.618,0.999,FALSE
90,Horta,0.632,0.154,0.067,0.018,0.032,0.098,779,f,TOS,one-off,0.786,0.05,1.336,1.336,1.001,FALSE
91,Feezal Phlox,0.217,0.261,0.139,0.017,0.011,0.356,108,f,ENT,one-off,0.478,0.028,0.656,0.656,1.001,TRUE
92,Commander Jett Reno,0.461,0.214,0.049,0.039,0.01,0.228,206,f,DIS,recurring,0.675,0.049,1.077,1.077,1.001,FALSE
93,Ash Tyler,0.126,0.159,0.192,0.112,0.098,0.313,214,m,DIS,recurring,0.285,0.21,0.103,0.103,1,FALSE
94,Doctor Mora Pol,0.01,0.035,0.073,0.252,0.419,0.211,313,m,DS9,recurring,0.045,0.671,-1.035,1.035,1,FALSE
95,Beauregard/Gertrude,0.536,0.227,0.082,0.009,0.004,0.142,233,?,TOS,one-off,0.763,0.013,1.282,1.282,1,FALSE
96,Doctor Selar,0.222,0.32,0.187,0.01,0,0.261,203,f,TNG,recurring,0.542,0.01,0.754,0.754,1,FALSE
97,Commander Jadzia Dax,0.808,0.128,0.017,0.006,0.003,0.038,343,f,DS9,main,0.936,0.009,1.732,1.732,1,FALSE
98,Ishka,0.627,0.217,0.037,0.024,0.009,0.086,327,f,DS9,recurring,0.844,0.033,1.429,1.429,1,FALSE
99,"Cleveland ""Book"" Booker V",0.329,0.262,0.089,0.013,0.01,0.297,313,m,DIS,recurring,0.591,0.023,0.887,0.887,1,FALSE
100,D'Vana Tendi,0.667,0.171,0.014,0.005,0.005,0.139,216,f,LD,main,0.838,0.01,1.49,1.49,1.001,FALSE
101,General Martok,0.497,0.334,0.067,0.022,0.01,0.07,314,m,DS9,recurring,0.831,0.032,1.286,1.286,1,FALSE
102,T'Pring,0.403,0.309,0.182,0.042,0.012,0.052,330,f,TOS,one-off,0.712,0.054,1.049,1.049,1,FALSE
103,Tuvix,0.116,0.163,0.242,0.191,0.195,0.093,215,m,VOY,one-off,0.279,0.386,-0.186,0.186,1,FALSE
104,Una Chin-Riley,0.405,0.251,0.11,0.035,0.013,0.185,227,f,SNW,main,0.656,0.048,1,1,0.999,FALSE
105,Lieutenant Erica Ortegas,0.385,0.259,0.069,0.006,0.011,0.27,174,f,SNW,main,0.644,0.017,1.001,1.001,1,FALSE
106,Captain Marie Batel,0.036,0.196,0.202,0.143,0.042,0.381,168,f,SNW,recurring,0.232,0.185,0.041,0.041,1,FALSE
107,Anaphasic Lifeform/Ronin,0.107,0.112,0.132,0.208,0.32,0.122,197,m,TNG,one-off,0.219,0.528,-0.522,0.522,1.001,FALSE
108,"George Samuel Kirk, Jr.",0.149,0.234,0.239,0.07,0.04,0.269,201,m,SNW,recurring,0.383,0.11,0.382,0.382,1.001,FALSE
109,Sirna Kolrami,0.025,0.074,0.185,0.241,0.235,0.241,162,m,TNG,one-off,0.099,0.476,-0.587,0.587,1.001,FALSE
110,Doctor T'Ana,0.529,0.232,0.067,0.017,0.01,0.145,297,f,LD,main,0.761,0.027,1.253,1.253,1,FALSE
111,Tribble,0.657,0.197,0.082,0.01,0.038,0.015,391,s,"TOS, TAS, DS9, ENT, DIS, PIC, LD, PRO",recurring,0.854,0.048,1.425,1.425,0.999,TRUE
112,Lieutenant Marla McGivers,0.06,0.139,0.303,0.209,0.045,0.244,201,f,TOS,recurring,0.199,0.254,-0.04,0.04,1,FALSE
113,"Flotter T. Water, III",0.028,0.114,0.199,0.148,0.108,0.403,176,m,VOY,one-off,0.142,0.256,-0.194,0.194,1,FALSE
114,Joseph Sisko,0.482,0.303,0.11,0.011,0.014,0.079,353,m,DS9,recurring,0.785,0.025,1.228,1.228,0.999,FALSE
115,Vic Fontaine,0.369,0.284,0.151,0.066,0.047,0.082,317,m,DS9,recurring,0.653,0.113,0.862,0.862,0.999,FALSE
116,Doctor Leonard H. McCoy,0.472,0.287,0.12,0.032,0.009,0.079,216,m,AOS,main,0.759,0.041,1.181,1.181,0.999,FALSE
117,The Salt Vampire,0.295,0.295,0.207,0.084,0.052,0.068,251,f,TOS,one-off,0.59,0.136,0.697,0.697,1.001,FALSE
118,Lieutenant Hoshi Sato (Mirror),0.264,0.194,0.111,0.042,0.028,0.361,144,f,ENT,one-off,0.458,0.07,0.624,0.624,1,TRUE
119,Gwyndala,0.359,0.196,0.038,0.005,0.022,0.38,184,f,PRO,main,0.555,0.027,0.865,0.865,1,FALSE
120,The Crystalline Entity,0.184,0.173,0.327,0.158,0.097,0.061,196,?,TNG,recurring,0.357,0.255,0.189,0.189,1,FALSE
121,Kasidy D. Yates,0.417,0.368,0.151,0.012,0.006,0.046,345,f,DS9,recurring,0.785,0.018,1.178,1.178,1,FALSE
122,Lieutenant Commander Tuvok,0.758,0.16,0.029,0.009,0.002,0.042,450,m,VOY,main,0.918,0.011,1.663,1.663,1,FALSE
123,Doctor Hugh Culber,0.35,0.276,0.115,0.021,0.016,0.222,243,m,DIS,recurring,0.626,0.037,0.923,0.923,1,FALSE
124,James Moriarty,0.198,0.385,0.193,0.123,0.021,0.08,187,m,TNG,recurring,0.583,0.144,0.616,0.616,1,FALSE
125,Tam Elbrun,0.116,0.213,0.22,0.14,0.055,0.256,164,m,TNG,one-off,0.329,0.195,0.195,0.195,1,FALSE
126,Lieutenant Valeris,0.102,0.156,0.203,0.117,0.07,0.352,128,f,films,one-off,0.258,0.187,0.103,0.103,1,FALSE
127,Christine Chapel,0.319,0.385,0.191,0.045,0,0.059,288,f,TOS,recurring,0.704,0.045,0.978,0.978,0.999,FALSE
128,D'Erika Tendi,0.233,0.356,0.129,0.025,0.018,0.239,163,f,LD,recurring,0.589,0.043,0.761,0.761,1,FALSE
129,Alfa 177 Canine,0.784,0.103,0.039,0.024,0.021,0.03,671,s,TOS,one-off,0.887,0.045,1.605,1.605,1.001,FALSE
130,Dal R'el,0.271,0.286,0.07,0.035,0.04,0.296,199,m,PRO,main,0.557,0.075,0.713,0.713,0.998,FALSE
131,Jhamel,0.214,0.253,0.104,0.019,0.006,0.403,154,f,ENT,recurring,0.467,0.025,0.65,0.65,0.999,TRUE
132,Talla,0.164,0.237,0.164,0.02,0,0.414,152,f,ENT,one-off,0.401,0.02,0.545,0.545,0.999,TRUE
133,Rok-Tahk,0.498,0.12,0.022,0.009,0.018,0.333,225,f,PRO,main,0.618,0.027,1.071,1.071,1,FALSE
134,Yuris,0.096,0.152,0.136,0.032,0.008,0.576,125,m,ENT,one-off,0.248,0.04,0.296,0.296,1,TRUE
135,One,0.139,0.285,0.219,0.04,0.026,0.291,151,m,VOY,one-off,0.424,0.066,0.471,0.471,1,FALSE
136,Trelane,0.126,0.318,0.151,0.205,0.079,0.121,239,m,TOS,one-off,0.444,0.284,0.207,0.207,1,FALSE
137,Moopsy,0.483,0.187,0.081,0.048,0.029,0.172,209,s,LD,one-off,0.67,0.077,1.047,1.047,1,FALSE
138,Anjohl Tennan,0.056,0.05,0.05,0.126,0.631,0.086,301,m,DS9,recurring,0.106,0.757,-1.226,1.226,0.999,FALSE
139,Centurion Bochra,0.155,0.329,0.187,0.026,0.006,0.297,155,m,TNG,one-off,0.484,0.032,0.601,0.601,1,FALSE
140,Ensign Jennifer Sh'reyan,0.109,0.36,0.186,0.105,0.02,0.219,247,f,LD,recurring,0.469,0.125,0.433,0.433,0.999,FALSE
141,Doctor Joseph M'Benga,0.396,0.416,0.087,0.006,0,0.095,346,m,TOS,one-off,0.812,0.006,1.202,1.202,1,FALSE
142,Captain Solok,0.129,0.261,0.214,0.172,0.137,0.087,379,m,DS9,recurring,0.39,0.309,0.073,0.073,1,FALSE
143,Vedek Bareil Antos,0.085,0.247,0.359,0.184,0.096,0.029,376,m,DS9,recurring,0.332,0.28,0.041,0.041,1,FALSE
144,Lieutenant Commander Elizabeth Shelby,0.077,0.253,0.308,0.132,0.027,0.203,182,f,"TNG, PIC",recurring,0.33,0.159,0.221,0.221,1,FALSE
145,Ensign Maj'el,0.222,0.205,0.068,0.017,0.017,0.472,176,f,PRO,recurring,0.427,0.034,0.598,0.598,1.001,FALSE
146,Admiral Edward Jellico,0.02,0.124,0.244,0.3,0.179,0.134,307,m,"TNG, PRO",recurring,0.144,0.479,-0.494,0.494,1.001,FALSE
147,Zero,0.375,0.182,0.071,0.008,0.012,0.352,253,nb,PRO,main,0.557,0.02,0.9,0.9,1,FALSE
148,"Samanthan ""Sam"" Rutherford",0.556,0.248,0.045,0.004,0.008,0.139,266,m,LD,main,0.804,0.012,1.34,1.34,1,FALSE
149,Jankom Pog,0.226,0.236,0.091,0.048,0.024,0.375,208,m,PRO,main,0.462,0.072,0.592,0.592,1,FALSE
150,Commander Tysses,0.123,0.225,0.16,0.021,0.011,0.46,187,m,PRO,recurring,0.348,0.032,0.428,0.428,1,FALSE
151,Senator Kimara Cretak,0.237,0.364,0.189,0.034,0.01,0.165,291,f,DS9,recurring,0.601,0.044,0.784,0.784,0.999,FALSE
152,Riva,0.2,0.273,0.19,0.112,0.02,0.205,205,m,TNG,one-off,0.473,0.132,0.521,0.521,1,FALSE
153,Morn,0.528,0.249,0.116,0.018,0.007,0.082,441,m,DS9,recurring,0.777,0.025,1.273,1.273,1,FALSE
154,Kevin,0.199,0.17,0.111,0.058,0.041,0.421,171,m,AOS,one-off,0.369,0.099,0.428,0.428,1,FALSE
155,Hyper-Evolved Human Offspring,0.565,0.129,0.122,0.051,0.067,0.067,255,s,VOY,one-off,0.694,0.118,1.074,1.074,1.001,FALSE
156,Major Malcolm Reed (mirror),0.136,0.185,0.179,0.105,0.068,0.327,162,m,ENT,one-off,0.321,0.173,0.216,0.216,1,TRUE
157,Commander Thy'lek Shran,0.489,0.221,0.051,0.026,0.017,0.196,235,m,ENT,recurring,0.71,0.043,1.139,1.139,1,TRUE
158,Lieutenant Thomas Eugene Paris,0.286,0.255,0.203,0.134,0.048,0.074,231,m,VOY,main,0.541,0.182,0.597,0.597,1,FALSE
159,Molly O'Brien,0.577,0.32,0.072,0.013,0.009,0.009,319,f,"TNG, DS9",recurring,0.897,0.022,1.443,1.443,1,FALSE
160,Intendant Kira Nerys (mirror),0.494,0.237,0.111,0.06,0.051,0.047,316,f,DS9,recurring,0.731,0.111,1.063,1.063,1,FALSE
161,Grudge,0.719,0.107,0.027,0.013,0.017,0.117,299,f,DIS,recurring,0.826,0.03,1.498,1.498,1,FALSE
162,Ensign Jack Crusher,0.023,0.051,0.19,0.19,0.218,0.329,216,m,PIC,recurring,0.074,0.408,-0.529,0.529,1.001,FALSE
163,"Brunt, F.C.A.",0.25,0.34,0.108,0.174,0.08,0.049,288,m,DS9,recurring,0.59,0.254,0.506,0.506,1.001,FALSE
164,Admiral Maxwell Forrest,0.053,0.113,0.22,0.12,0.04,0.453,150,m,ENT,recurring,0.166,0.16,0.019,0.019,0.999,TRUE
165,Kai Opaka,0.3,0.39,0.174,0.021,0.042,0.072,333,f,DS9,recurring,0.69,0.063,0.885,0.885,0.999,FALSE
166,Leeta,0.644,0.232,0.044,0.017,0.003,0.06,298,f,DS9,recurring,0.876,0.02,1.497,1.497,1,FALSE
167,B'Etor,0.227,0.33,0.18,0.137,0.021,0.103,233,f,"TNG, DS9",recurring,0.557,0.158,0.605,0.605,0.998,FALSE
168,Lursa,0.161,0.304,0.212,0.157,0.041,0.124,217,f,"TNG, DS9",recurring,0.465,0.198,0.387,0.387,0.999,FALSE
169,Naomi Wildman,0.446,0.3,0.104,0.008,0,0.142,240,f,VOY,recurring,0.746,0.008,1.184,1.184,1,FALSE
170,Mr. Homn,0.342,0.4,0.142,0.04,0.009,0.067,225,m,TNG,recurring,0.742,0.049,1.026,1.026,1,FALSE
171,Doctor Kovich/Daniels,0.103,0.193,0.179,0.034,0.028,0.462,145,m,DIS,recurring,0.296,0.062,0.309,0.309,0.999,FALSE
172,President Laira Rillak,0.113,0.179,0.155,0.042,0.012,0.5,168,f,DIS,recurring,0.292,0.054,0.339,0.339,1.001,FALSE
173,President T'Rina,0.324,0.215,0.078,0.009,0.018,0.356,219,f,DIS,recurring,0.539,0.027,0.818,0.818,1,FALSE
174,Doctor Gabers Migleemo,0.118,0.283,0.15,0.144,0.059,0.246,187,m,LD,recurring,0.401,0.203,0.257,0.257,1,FALSE
175,Kilana,0.078,0.29,0.286,0.102,0.012,0.233,245,f,DS9,one-off,0.368,0.114,0.32,0.32,1.001,FALSE
176,Unidentified Symbiotic Lifeform,0.182,0.16,0.168,0.131,0.14,0.219,886,s,ENT,one-off,0.342,0.271,0.113,0.113,1,TRUE
177,Curzon Dax,0.097,0.269,0.275,0.228,0.064,0.067,360,m,DS9,recurring,0.366,0.292,0.107,0.107,1,FALSE
178,"Commander Raffaela ""Raffi"" E. Musiker",0.379,0.262,0.107,0.044,0.017,0.191,298,f,PIC,main,0.641,0.061,0.942,0.942,1,FALSE
179,Ensign Adira Tal,0.307,0.268,0.092,0.073,0.027,0.234,261,nb,DIS,recurring,0.575,0.1,0.755,0.755,1.001,FALSE
180,Gray Tal,0.241,0.28,0.159,0.06,0.034,0.224,232,m,DIS,recurring,0.521,0.094,0.634,0.634,0.998,FALSE
181,T'Les,0.053,0.145,0.191,0.069,0.008,0.534,131,f,ENT,recurring,0.198,0.077,0.166,0.166,1,TRUE
182,Ensign Jet Manhaver,0.077,0.224,0.404,0.038,0.013,0.244,156,m,LD,recurring,0.301,0.051,0.314,0.314,1,FALSE
183,Jack Ransom,0.126,0.44,0.154,0.091,0.023,0.166,175,m,LD,recurring,0.566,0.114,0.555,0.555,1,FALSE
184,Lieutenant Shaxs,0.492,0.28,0.052,0.005,0.016,0.155,193,m,LD,main,0.772,0.021,1.227,1.227,1,FALSE
185,Ensign Sariel Rager,0.162,0.419,0.188,0,0,0.231,160,f,TNG,recurring,0.581,0,0.743,0.743,1,FALSE
186,Doctor Carol Marcus,0.152,0.285,0.352,0.036,0.006,0.17,165,f,films,one-off,0.437,0.042,0.541,0.541,1.001,FALSE
187,Lieutenant Hemmer,0.447,0.194,0.083,0.01,0.01,0.257,206,m,SNW,recurring,0.641,0.02,1.058,1.058,1.001,FALSE
188,Doctor Miranda Jones,0.238,0.36,0.098,0.047,0.005,0.252,214,f,TOS,one-off,0.598,0.052,0.779,0.779,1,FALSE
189,Paul Stamets,0.324,0.345,0.088,0.055,0.021,0.168,238,m,DIS,main,0.669,0.076,0.896,0.896,1.001,FALSE
190,T'Pau,0.209,0.362,0.26,0.087,0.012,0.071,254,f,TOS,one-off,0.571,0.099,0.669,0.669,1.001,FALSE
191,Ma'ah,0.311,0.317,0.079,0.024,0.018,0.25,164,m,LD,recurring,0.628,0.042,0.879,0.879,0.999,FALSE
192,Koala,0.222,0.15,0.233,0.078,0.067,0.25,180,?,LD,recurring,0.372,0.145,0.382,0.382,1,FALSE
193,AGIMUS,0.229,0.243,0.128,0.096,0.055,0.248,218,m,LD,,0.472,0.151,0.495,0.495,0.999,FALSE
194,"Nicholas ""Nick"" Locarno",0.026,0.17,0.144,0.345,0.129,0.186,194,m,"TNG, LD",,0.196,0.474,-0.381,0.381,1,FALSE
195,Tora Ziyal,0.383,0.355,0.16,0.027,0.009,0.066,332,f,DS9,,0.738,0.036,1.076,1.076,1,FALSE
196,"Lieutenant Commander Andarithio ""Andy"" Billups",0.31,0.333,0.155,0.011,0.006,0.184,174,m,LD,,0.643,0.017,0.93,0.93,0.999,FALSE
197,Nurse Alyssa Ogawa,0.42,0.393,0.08,0.009,0,0.098,224,f,TNG,,0.813,0.009,1.224,1.224,1,FALSE
198,Captain Carol Freeman,0.394,0.38,0.048,0.029,0.01,0.139,208,f,LD,,0.774,0.039,1.119,1.119,1,FALSE
199,Doctor Katherine Pulaski,0.151,0.318,0.184,0.157,0.118,0.072,305,f,TNG,,0.469,0.275,0.227,0.227,1,FALSE
200,Perrin,0.081,0.193,0.267,0.096,0.015,0.348,135,f,TNG,,0.274,0.111,0.229,0.229,1,FALSE
201,Jonathan Archer (Mirror),0.082,0.11,0.123,0.178,0.185,0.322,146,m,ENT,,0.192,0.363,-0.274,0.274,1,TRUE
202,Commander T'Pol (Mirror),0.244,0.252,0.096,0.089,0.022,0.296,135,f,ENT,,0.496,0.111,0.607,0.607,0.999,TRUE
203,Gul Elim Garak (Mirror),0.36,0.284,0.155,0.101,0.043,0.058,328,m,DS9,,0.644,0.144,0.817,0.817,1.001,FALSE
204,George & Gracie,0.806,0.103,0.026,0,0.009,0.056,340,?,films,,0.909,0.009,1.697,1.697,1,FALSE
205,Doctor Gillian Taylor,0.32,0.379,0.083,0.018,0,0.201,169,f,films,,0.699,0.018,1.001,1.001,1.001,FALSE
206,Livingston,0.558,0.227,0.09,0.029,0.025,0.072,278,m,TNG,,0.785,0.054,1.264,1.264,1.001,FALSE
207,"Captain Sylvia ""Killy"" Tilly (Mirror)",0.182,0.27,0.101,0.057,0.069,0.321,159,f,DIS,,0.452,0.126,0.439,0.439,1,FALSE
208,The Diviner,0.055,0.131,0.097,0.166,0.117,0.434,145,m,PRO,,0.186,0.283,-0.159,0.159,1,FALSE
209,Legate Tekeny Ghemor,0.324,0.363,0.134,0.023,0.023,0.134,306,m,DS9,,0.687,0.046,0.942,0.942,1.001,FALSE
210,Ensign Travis Mayweather,0.317,0.338,0.126,0.007,0,0.212,293,m,ENT,,0.655,0.007,0.965,0.965,1,TRUE
211,Lyssarian Desert Larva,0.111,0.12,0.188,0.06,0.068,0.453,117,s,ENT,,0.231,0.128,0.146,0.146,1,TRUE
212,Surak,0.105,0.253,0.284,0.049,0.019,0.29,162,m,ENT,,0.358,0.068,0.376,0.376,1,TRUE
213,Captain Philippa Georgiou,0.402,0.279,0.082,0.033,0.025,0.18,244,f,DIS,,0.681,0.058,1,1,1.001,FALSE
214,Captain Dathon,0.5,0.301,0.073,0.019,0.005,0.102,206,m,TNG,,0.801,0.024,1.272,1.272,1,FALSE
215,Murf,0.443,0.167,0.073,0.004,0.024,0.289,246,m,PRO,,0.61,0.028,1.001,1.001,1,FALSE
216,Yeoman Janice Rand,0.294,0.451,0.157,0.035,0,0.063,255,f,TOS,,0.745,0.035,1.004,1.004,1,FALSE
217,Romulan Commander (BoT),0.285,0.332,0.238,0.037,0.005,0.103,214,m,TOS,,0.617,0.042,0.855,0.855,1,FALSE
218,Captain Angel,0.232,0.143,0.101,0.095,0.06,0.369,168,nb,SNW,,0.375,0.155,0.392,0.392,1,FALSE
219,Lenara Kahn,0.413,0.337,0.106,0.03,0.01,0.106,303,f,DS9,,0.75,0.04,1.113,1.113,1.002,FALSE
220,General Dak'Rah,0.057,0.164,0.172,0.115,0.09,0.402,122,m,SNW,,0.221,0.205,-0.017,0.017,1,FALSE
221,General Chang,0.172,0.259,0.198,0.095,0.017,0.259,116,m,films,,0.431,0.112,0.474,0.474,1,FALSE
222,Commander Kruge,0.067,0.291,0.201,0.104,0.045,0.291,134,m,films,,0.358,0.149,0.231,0.231,0.999,FALSE
223,L'Rell,0.053,0.151,0.164,0.211,0.099,0.322,152,f,DIS,,0.204,0.31,-0.152,0.152,1,FALSE
224,Higher Synthetics,0.042,0.034,0.144,0.093,0.119,0.568,118,s,PIC,,0.076,0.212,-0.213,0.213,1,FALSE
225,Admiral Katrina Cornwell,0.283,0.261,0.183,0.039,0.022,0.213,230,f,DIS,,0.544,0.061,0.744,0.744,1.001,FALSE
226,Khan Noonien Singh,0.031,0.057,0.096,0.23,0.513,0.073,261,m,AOS,,0.088,0.743,-1.137,1.137,1,FALSE
227,Doctor Chaotica,0.273,0.255,0.164,0.085,0.042,0.182,165,m,VOY,,0.528,0.127,0.632,0.632,1.001,FALSE
228,Zora,0.167,0.225,0.094,0.029,0.014,0.471,138,f,DIS,,0.392,0.043,0.502,0.502,1,FALSE
229,Gorn Captain,0.429,0.383,0.121,0.021,0.017,0.029,240,m,TOS,,0.812,0.038,1.186,1.186,1,FALSE
230,Nedar/Oh,0.024,0.111,0.111,0.127,0.079,0.548,126,f,PIC,,0.135,0.206,-0.126,0.126,1,FALSE
231,Progenitor,0.062,0.118,0.478,0.149,0.05,0.143,161,f,TNG,,0.18,0.199,-0.007,0.007,1,FALSE
232,Ensign Ro Laren,0.619,0.233,0.047,0.033,0.005,0.065,216,f,TNG,,0.852,0.038,1.428,1.428,1.002,FALSE
233,Vash,0.118,0.348,0.209,0.135,0.057,0.132,296,f,"TNG, DS9",,0.466,0.192,0.335,0.335,0.999,FALSE
234,Doctor David Marcus,0.071,0.239,0.391,0.114,0.022,0.163,184,m,films,,0.31,0.136,0.223,0.223,1,FALSE
235,Captain Gabriel Lorca,0.104,0.169,0.066,0.219,0.169,0.273,183,m,DIS,,0.273,0.388,-0.18,0.18,1,FALSE
235,Doctor Joseph M'Benga,0.459,0.29,0.048,0.01,0.01,0.184,207,m,SNW,,0.749,0.02,1.178,1.178,1.001,FALSE
236,Soji Asha,0.124,0.254,0.166,0.114,0.041,0.301,193,f,PIC,,0.378,0.155,0.306,0.306,1,FALSE
237,Emperor Philippa Georgiou (Mirror),0.312,0.26,0.091,0.077,0.096,0.163,208,f,DIS,,0.572,0.173,0.615,0.615,0.999,FALSE
238,Harcourt F. Mudd,0.14,0.223,0.116,0.236,0.211,0.074,242,m,TOS,,0.363,0.447,-0.155,0.155,1,FALSE
239,Doctor Altan I. Soong,0.014,0.086,0.157,0.214,0.171,0.357,140,m,PIC,,0.1,0.385,-0.442,0.442,0.999,FALSE
240,"""Rumpelstiltskin""",0.062,0.118,0.221,0.294,0.239,0.066,272,m,DS9,,0.18,0.533,-0.53,0.53,1,FALSE
241,"""God""",0.031,0.076,0.115,0.26,0.252,0.267,131,?,films,,0.107,0.512,-0.626,0.626,1.001,FALSE
242,EMH Julian Bashir,0.512,0.279,0.085,0.012,0.016,0.097,258,m,LD,,0.791,0.028,1.259,1.259,1.001,FALSE
243,Armus,0.067,0.089,0.071,0.201,0.487,0.085,224,?,"TNG, LD",,0.156,0.688,-0.952,0.952,1,FALSE
244,Alexander Rozhenko,0.23,0.402,0.224,0.086,0.031,0.028,326,m,"TNG, DS9",,0.632,0.117,0.714,0.714,1.001,FALSE
245,Sito Jaxa,0.329,0.387,0.116,0.012,0,0.156,173,f,"TNG, LD",,0.716,0.012,1.033,1.033,1,FALSE
246,"""Janeway""",0.038,0.053,0.137,0.305,0.145,0.321,131,m,VOY,,0.091,0.45,-0.466,0.466,0.999,FALSE
247,V'ger,0.135,0.254,0.31,0.071,0.024,0.206,126,?,films,,0.389,0.095,0.405,0.405,1,FALSE
248,Ensign Taurik,0.12,0.268,0.317,0.063,0.042,0.19,142,m,TNG,,0.388,0.105,0.361,0.361,1,FALSE
249,Senator Letant,0.042,0.132,0.396,0.09,0.028,0.312,144,m,DS9,,0.174,0.118,0.07,0.07,1,FALSE
250,Senator Vreenak,0.172,0.265,0.256,0.107,0.042,0.158,215,m,DS9,,0.437,0.149,0.418,0.418,1,FALSE
251,Captain Vanik,0.011,0.032,0.16,0.138,0.032,0.628,94,m,ENT,,0.043,0.17,-0.148,0.148,1.001,TRUE
252,Doctor Oratt,0.031,0.031,0.112,0.112,0.061,0.653,98,m,ENT,,0.062,0.173,-0.141,0.141,1,TRUE
253,Lieutenant Nyota Uhura,0.307,0.391,0.187,0.049,0.013,0.053,225,f,AOS,,0.698,0.062,0.93,0.93,1,FALSE
254,"Admiral Alonzo ""Zo"" Freeman",0.149,0.455,0.172,0.015,0.007,0.201,134,m,LD,,0.604,0.022,0.724,0.724,0.999,FALSE
255,Captain Amina Ramsey,0.192,0.392,0.108,0.023,0.008,0.277,130,f,LD,,0.584,0.031,0.737,0.737,1,FALSE
256,Ensign Pavel A. Chekov,0.61,0.245,0.087,0.004,0.012,0.041,241,m,AOS,,0.855,0.016,1.437,1.437,0.999,FALSE
257,Lieutenant Matt,0.366,0.289,0.148,0.021,0.021,0.155,142,m,LD,,0.655,0.042,0.958,0.958,1,FALSE
258,Stephen Hawking (Hologram),0.367,0.207,0.233,0.04,0.04,0.113,150,m,TNG,,0.574,0.08,0.821,0.821,1,FALSE
259,Joran Dax,0.047,0.163,0.307,0.214,0.107,0.163,215,m,DS9,,0.21,0.321,-0.171,0.171,1.001,FALSE
260,Dax,0.483,0.312,0.114,0.037,0.02,0.034,298,?,DS9,,0.795,0.057,1.201,1.201,1,FALSE
261,Sonya Gomez,0.29,0.451,0.093,0.019,0.006,0.142,162,f,"TNG, LD",,0.741,0.025,1,1,1.001,FALSE
262,Nomad,0.156,0.341,0.26,0.092,0.035,0.116,173,?,TOS,,0.497,0.127,0.491,0.491,1,FALSE
263,Mot,0.26,0.407,0.16,0.033,0.013,0.127,150,m,TNG,,0.667,0.046,0.868,0.868,1,FALSE
264,Doctor Mark Piper,0.049,0.122,0.382,0.081,0.008,0.358,123,m,TOS,,0.171,0.089,0.123,0.123,1,FALSE
265,Malor,0.355,0.347,0.065,0,0.016,0.218,124,m,LD,,0.702,0.016,1.025,1.025,1.001,FALSE
266,Vice Admiral Les Buenamigo,0.008,0.058,0.142,0.333,0.183,0.275,120,m,LD,,0.066,0.516,-0.625,0.625,0.999,FALSE
267,Asencia,0.078,0.163,0.092,0.177,0.092,0.397,141,f,PRO,,0.241,0.269,-0.042,0.042,0.999,FALSE
268,Goran'Agar,0.258,0.495,0.086,0.015,0.01,0.136,198,m,DS9,,0.753,0.025,0.976,0.976,1,FALSE
269,Guinan,0.707,0.173,0.048,0.012,0.016,0.044,249,f,TNG,,0.88,0.028,1.543,1.543,1,FALSE
270,Ikat'ika,0.082,0.293,0.299,0.122,0.048,0.156,147,m,DS9,,0.375,0.17,0.239,0.239,1,FALSE
271,Remata'Klan,0.19,0.438,0.15,0.026,0.013,0.183,153,m,DS9,,0.628,0.039,0.766,0.766,1,FALSE
272,Jem'hadar boy,0.143,0.471,0.21,0.055,0.017,0.105,238,m,DS9,,0.614,0.072,0.668,0.668,1.001,FALSE
273,"Christobal ""Chris"" Rios",0.17,0.304,0.081,0.03,0.022,0.393,135,m,PIC,,0.474,0.052,0.57,0.57,1,FALSE
274,Neural parasite,0.053,0.241,0.256,0.128,0.068,0.256,133,?,LD,,0.294,0.196,0.083,0.083,1.002,FALSE
275,Commander Bruce Maddox,0,0.044,0.121,0.275,0.412,0.148,182,m,TNG,,0.044,0.687,-1.055,1.055,1,FALSE
276,Doctor Agnes P. Jurati,0.152,0.257,0.117,0.094,0.035,0.345,171,f,PIC,,0.409,0.129,0.397,0.397,1,FALSE
277,Doctor Zefram Cochrane,0.207,0.453,0.153,0.073,0.027,0.087,150,m,films,,0.66,0.1,0.74,0.74,1,FALSE
278,Keyla Detmer,0.235,0.375,0.11,0,0.015,0.265,136,f,DIS,,0.61,0.015,0.815,0.815,1,FALSE
279,Narissa,0.067,0.079,0.146,0.124,0.135,0.449,89,f,PIC,,0.146,0.259,-0.181,0.181,1,FALSE
280,Phlox's Pyrithian Bat,0.516,0.202,0.089,0.008,0.008,0.177,124,f,ENT,,0.718,0.016,1.21,1.21,1,TRUE
281,Ripper,0.293,0.195,0.13,0.024,0.024,0.333,123,m,DIS,,0.488,0.048,0.709,0.709,0.999,FALSE
282,Q Junior,0.07,0.19,0.204,0.211,0.134,0.19,142,m,VOY,,0.26,0.345,-0.149,0.149,0.999,FALSE
283,Joann Owosekun,0.398,0.263,0.053,0.008,0.008,0.271,133,f,DIS,,0.661,0.016,1.035,1.035,1.001,FALSE
284,Narek,0.048,0.096,0.096,0.192,0.135,0.433,104,m,PIC,,0.144,0.327,-0.27,0.27,1,FALSE
285,"Montgomery ""Scotty"" Scott",0.494,0.331,0.087,0.017,0.012,0.058,172,m,AOS,,0.825,0.029,1.278,1.278,0.999,FALSE
286,Soval (Mirror),0.114,0.159,0.091,0.114,0.045,0.477,88,m,ENT,,0.273,0.159,0.183,0.183,1,TRUE
287,Kashyk,0.057,0.095,0.048,0.257,0.19,0.352,105,m,VOY,,0.152,0.447,-0.428,0.428,0.999,FALSE
288,Torat,0.096,0.202,0.221,0.048,0,0.433,104,m,VOY,,0.298,0.048,0.346,0.346,1,FALSE
289,Edith Keeler,0.323,0.396,0.135,0.036,0.016,0.094,192,f,TOS,,0.719,0.052,0.974,0.974,1,FALSE
290,Number One,0.606,0.134,0.093,0.019,0.011,0.138,269,m,PIC,,0.74,0.03,1.305,1.305,1.001,FALSE
291,Doctor Noonien Soong,0.086,0.227,0.195,0.305,0.145,0.041,220,m,TNG,,0.313,0.45,-0.196,0.196,0.999,FALSE
292,Laris,0.202,0.193,0.168,0.05,0.017,0.37,119,f,PIC,,0.395,0.067,0.513,0.513,1,FALSE
293,Lieutenant James T. Kirk,0.19,0.282,0.19,0.097,0.077,0.164,195,m,SNW,,0.472,0.174,0.411,0.411,1,FALSE
294,,,,,,,,,,,,0,0,0,0,0,FALSE
295,,,,,,,,,,,,,,,,,
296,,,,,,,,,,,,,,,,,
297,,,,,,,,,,,,,,,,,
298,,,,,,,,,,,,,,,,,
299,,,,,,,,,,,,,,,,,
300,,,,,,,,,,,,,,,,,
301,,,,,,,,,,,,,,,,,
302,,,,,,,,,,,,,,,,,
303,,,,,,,,,,,,,,,,,
304,,,,,,,,,,,,,,,,,
305,,,,,,,,,,,,,,,,,
306,,,,,,,,,,,,,,,,,
307,,,,,,,,,,,,,,,,,
